title,message
News, IJsindustrie onder druk: aandelen dalen na doorbraak in huisgemaakte koffie-ijs
News, Vlieg raakt getemd na verblijf in koelkast
News, Mango boom duikt op onder steen op plein in Luik
News, 32 overleden guppies gevonden in petfles, dader is nog onbekend
News, Stijn en Jan bakken er niks van
News, Recent onderzoek wijst uit dat choco waffa's vet smerig zijnm
News, The Jan Brothers  gecanceld na vermoedelijk AI gebruik
News, Man in verwarde toestant met plastic fork aangetroffen in Enschede
News, Wederom geen vis gevangen
News, Lekker voor op de barbecue: Speklapjes; Nu met extra flupsie
News, Nathan Rutjes blijkt toch de mol
News, Floppers toch geen kampioen: "Volgend jaar weer een kans"
News, Center Parcs streaker vlucht naar Frankrijk